Offset,Correlation Value,P Value
0,-0.4022925079,0.0786732768
1,0.0532473198,0.828601502
2,-0.1047269663,0.6791955067
3,0.1943245265,0.4548458576
4,0.3041934187,0.2520108981
