"","corr","p"
"1",-0.402292507865736,0.0786732767823599
"2",0.0532473198238529,0.828601501974957
"3",-0.104726966333575,0.679195506725289
"4",0.194324526464421,0.454845857560495
"5",0.304193418726982,0.252010898109946
